source_worktree,source_head,source_status_sha256,artifact_type,source_path,source_sha256,target_path,target_sha256,disposition,adjustment_or_exclusion
/Users/bytedance/Desktop/xiaoro-shopping-master,8658e191c05e208b2939aa37fb1ee170b2784e4f,be35dbe626b26a65c8cff09d594aba2e4540f9f8f9e55a3d5fe0a1783c9f4d8c,module,app/services/v2/shadow_evidence/__init__.py,ce2fda7e9fd6ee31c48a93f03a7bcaae272e0d968dc3e8cdcfcb346da8c49263,tools/evidence_audit/__init__.py,ce2fda7e9fd6ee31c48a93f03a7bcaae272e0d968dc3e8cdcfcb346da8c49263,migrated,copy_exact
/Users/bytedance/Desktop/xiaoro-shopping-master,8658e191c05e208b2939aa37fb1ee170b2784e4f,be35dbe626b26a65c8cff09d594aba2e4540f9f8f9e55a3d5fe0a1783c9f4d8c,module,app/services/v2/shadow_evidence/adapters.py,1e29d752c00918b6afec828f4b5dc2f7d8186b6afe346bfab277ea836aae19ed,tools/evidence_audit/adapters.py,1e29d752c00918b6afec828f4b5dc2f7d8186b6afe346bfab277ea836aae19ed,migrated,copy_exact
/Users/bytedance/Desktop/xiaoro-shopping-master,8658e191c05e208b2939aa37fb1ee170b2784e4f,be35dbe626b26a65c8cff09d594aba2e4540f9f8f9e55a3d5fe0a1783c9f4d8c,module,app/services/v2/shadow_evidence/artifacts.py,7f4e52b4cc1d27f673319155b633944eedc79339ab1646fa68fe66ce391227a1,tools/evidence_audit/artifacts.py,7f4e52b4cc1d27f673319155b633944eedc79339ab1646fa68fe66ce391227a1,migrated,copy_exact
/Users/bytedance/Desktop/xiaoro-shopping-master,8658e191c05e208b2939aa37fb1ee170b2784e4f,be35dbe626b26a65c8cff09d594aba2e4540f9f8f9e55a3d5fe0a1783c9f4d8c,module,app/services/v2/shadow_evidence/canonical.py,111c7187884ec9b028a25eb9bf42b770daa254698d4d33fd64c4b253c5e45850,tools/evidence_audit/canonical.py,111c7187884ec9b028a25eb9bf42b770daa254698d4d33fd64c4b253c5e45850,migrated,copy_exact
/Users/bytedance/Desktop/xiaoro-shopping-master,8658e191c05e208b2939aa37fb1ee170b2784e4f,be35dbe626b26a65c8cff09d594aba2e4540f9f8f9e55a3d5fe0a1783c9f4d8c,module,app/services/v2/shadow_evidence/classifier.py,0a70404db7f41a2a2ed65e8462fc0c80eea70ea4f6a3fa4b40a093c9e6bfcb3f,tools/evidence_audit/classifier.py,0a70404db7f41a2a2ed65e8462fc0c80eea70ea4f6a3fa4b40a093c9e6bfcb3f,migrated,copy_exact
/Users/bytedance/Desktop/xiaoro-shopping-master,8658e191c05e208b2939aa37fb1ee170b2784e4f,be35dbe626b26a65c8cff09d594aba2e4540f9f8f9e55a3d5fe0a1783c9f4d8c,module,app/services/v2/shadow_evidence/contracts.py,7309f460eb5cc98cd2e45d01a05ddee4eb0300841ff064b454bd2abe6fcf71b3,tools/evidence_audit/contracts.py,7309f460eb5cc98cd2e45d01a05ddee4eb0300841ff064b454bd2abe6fcf71b3,migrated,copy_exact
/Users/bytedance/Desktop/xiaoro-shopping-master,8658e191c05e208b2939aa37fb1ee170b2784e4f,be35dbe626b26a65c8cff09d594aba2e4540f9f8f9e55a3d5fe0a1783c9f4d8c,module,app/services/v2/shadow_evidence/ledger.py,9ce711eed78fe8fef52633735c7556976efb83586954d2ddbb2ac52ff78538a0,tools/evidence_audit/ledger.py,9ce711eed78fe8fef52633735c7556976efb83586954d2ddbb2ac52ff78538a0,migrated,copy_exact
/Users/bytedance/Desktop/xiaoro-shopping-master,8658e191c05e208b2939aa37fb1ee170b2784e4f,be35dbe626b26a65c8cff09d594aba2e4540f9f8f9e55a3d5fe0a1783c9f4d8c,module,app/services/v2/shadow_evidence/review.py,88a6806c4105a69268385a50afe6cd942f9fb163cdf8a0ffa5aeca88855d9237,tools/evidence_audit/review.py,88a6806c4105a69268385a50afe6cd942f9fb163cdf8a0ffa5aeca88855d9237,migrated,copy_exact
/Users/bytedance/Desktop/xiaoro-shopping-master,8658e191c05e208b2939aa37fb1ee170b2784e4f,be35dbe626b26a65c8cff09d594aba2e4540f9f8f9e55a3d5fe0a1783c9f4d8c,test,tests/test_v2_shadow_canonical_snapshot.py,53f7ba6392150e809641a51559a90915ddd999bc0471e738dac003c0dd88ec2f,tests/tools/evidence_audit/test_canonical.py,e911859aa13023d592f8a9c8257191406ea0ab412f449ad9770e48dcf0fae6ef,migrated,package_import_and_fixture_root_only
/Users/bytedance/Desktop/xiaoro-shopping-master,8658e191c05e208b2939aa37fb1ee170b2784e4f,be35dbe626b26a65c8cff09d594aba2e4540f9f8f9e55a3d5fe0a1783c9f4d8c,test,tests/test_v2_shadow_evidence_adapters.py,dd2959712bdf94ed031fb45209bd7ed837ab83ae640a6d06a4118cb3bf02d462,tests/tools/evidence_audit/test_adapters.py,8a4c0ab3bfe98822f4ea67efad384b8caa28bf32086d980a4d66794676ebdf4f,migrated,package_import_and_fixture_root_only
/Users/bytedance/Desktop/xiaoro-shopping-master,8658e191c05e208b2939aa37fb1ee170b2784e4f,be35dbe626b26a65c8cff09d594aba2e4540f9f8f9e55a3d5fe0a1783c9f4d8c,test,tests/test_v2_shadow_evidence_artifacts.py,deb7d8fe5e076746f04de1a84647c45271f5f3da09b9f3ab3000f3c6064caf02,tests/tools/evidence_audit/test_artifacts.py,1495c5cfa807bd76afa30936f6552d32646330bcdf71f1786245bfe3b88d6a93,migrated,package_import_only
/Users/bytedance/Desktop/xiaoro-shopping-master,8658e191c05e208b2939aa37fb1ee170b2784e4f,be35dbe626b26a65c8cff09d594aba2e4540f9f8f9e55a3d5fe0a1783c9f4d8c,test,tests/test_v2_shadow_evidence_classifier.py,6e50bb7c235a0fcc76f39ec64420c281fc69bea57a4a43aa3d3b569e6f371734,tests/tools/evidence_audit/test_classifier.py,af290a010616300875d32b770ede84e168ba2ca1ba00e0ce9baff16244c6824c,migrated,package_import_only
/Users/bytedance/Desktop/xiaoro-shopping-master,8658e191c05e208b2939aa37fb1ee170b2784e4f,be35dbe626b26a65c8cff09d594aba2e4540f9f8f9e55a3d5fe0a1783c9f4d8c,test,tests/test_v2_shadow_evidence_contracts.py,b9f7c9861304e335c852a462a63c2f424c3c2a72f5bef5f7d5ae9b37e1e28877,tests/tools/evidence_audit/test_contracts.py,7828a1b7477627affcee3e37792e5f822ccdbd666e3e982ae5e22d0d6ce8c48b,migrated,package_import_only
/Users/bytedance/Desktop/xiaoro-shopping-master,8658e191c05e208b2939aa37fb1ee170b2784e4f,be35dbe626b26a65c8cff09d594aba2e4540f9f8f9e55a3d5fe0a1783c9f4d8c,test,tests/test_v2_shadow_evidence_ledger.py,256e7c3956378bfbd000761f0f3efbb690172c1ea3c0f66030f9228c96a30c83,tests/tools/evidence_audit/test_ledger.py,a2b4e7e1378cfdb9907193b9920d25f28893ea78733912ff3e30bb0386431db5,migrated,package_import_only
/Users/bytedance/Desktop/xiaoro-shopping-master,8658e191c05e208b2939aa37fb1ee170b2784e4f,be35dbe626b26a65c8cff09d594aba2e4540f9f8f9e55a3d5fe0a1783c9f4d8c,test,tests/test_v2_shadow_evidence_review.py,ff0b3ce57a16b9cfa45cd54ff7a4cb75506a09f19cf0d016e88e69f98b044824,tests/tools/evidence_audit/test_review.py,fd8bdad599937ef5cb3367ef7b10cbbef822458632a900d1cc3dd2f50d5f0ce7,migrated,package_import_only
/Users/bytedance/Desktop/xiaoro-shopping-master,8658e191c05e208b2939aa37fb1ee170b2784e4f,be35dbe626b26a65c8cff09d594aba2e4540f9f8f9e55a3d5fe0a1783c9f4d8c,fixture,tests/fixtures/shadow_evidence/canonical_consumer_parity.json,e7546c531c06af1723810067ea06651dab5a893cbcb9ccf87e12419b25f5cd2b,tests/fixtures/evidence_audit/canonical_consumer_parity.json,e7546c531c06af1723810067ea06651dab5a893cbcb9ccf87e12419b25f5cd2b,migrated,copy_exact
/Users/bytedance/Desktop/xiaoro-shopping-master,8658e191c05e208b2939aa37fb1ee170b2784e4f,be35dbe626b26a65c8cff09d594aba2e4540f9f8f9e55a3d5fe0a1783c9f4d8c,fixture,tests/fixtures/shadow_evidence/detail_36_ocr.json,8dd934a9b404c820271b233dd2223e650d243b3e4a99ec77efa217b0c79ff10a,tests/fixtures/evidence_audit/detail_36_ocr.json,8dd934a9b404c820271b233dd2223e650d243b3e4a99ec77efa217b0c79ff10a,migrated,copy_exact
/Users/bytedance/Desktop/xiaoro-shopping-master,8658e191c05e208b2939aa37fb1ee170b2784e4f,be35dbe626b26a65c8cff09d594aba2e4540f9f8f9e55a3d5fe0a1783c9f4d8c,fixture,tests/fixtures/shadow_evidence/manual_36.json,0788c460e20cb60921576b3593949a1592dc78d7eaf8d26ebf9b113a5ea07ccd,tests/fixtures/evidence_audit/manual_36.json,0788c460e20cb60921576b3593949a1592dc78d7eaf8d26ebf9b113a5ea07ccd,migrated,copy_exact
/Users/bytedance/Desktop/xiaoro-shopping-master,8658e191c05e208b2939aa37fb1ee170b2784e4f,be35dbe626b26a65c8cff09d594aba2e4540f9f8f9e55a3d5fe0a1783c9f4d8c,fixture,tests/fixtures/shadow_evidence/ocr_36.json,f96be372e5ed2665f3c2af216aad8b3ade27a794eb3e95a1eab4585585881973,tests/fixtures/evidence_audit/ocr_36.json,f96be372e5ed2665f3c2af216aad8b3ade27a794eb3e95a1eab4585585881973,migrated,copy_exact
/Users/bytedance/Desktop/xiaoro-shopping-master,8658e191c05e208b2939aa37fb1ee170b2784e4f,be35dbe626b26a65c8cff09d594aba2e4540f9f8f9e55a3d5fe0a1783c9f4d8c,fixture,tests/fixtures/shadow_evidence/processed_36.json,f726e442db8a04cffdb8e5528e9c59dd4aa68182b480c18195ec129888d78704,tests/fixtures/evidence_audit/processed_36.json,f726e442db8a04cffdb8e5528e9c59dd4aa68182b480c18195ec129888d78704,migrated,copy_exact
/Users/bytedance/Desktop/xiaoro-shopping-master,8658e191c05e208b2939aa37fb1ee170b2784e4f,be35dbe626b26a65c8cff09d594aba2e4540f9f8f9e55a3d5fe0a1783c9f4d8c,cli,scripts/build_shadow_review_queue.py,1ceacaf48f6ff53d70420e898a83709ef0203b62e4d8e435ff378982125755bf,,,excluded,requires_asyncpg_postgresql_and_old_runtime
/Users/bytedance/Desktop/xiaoro-shopping-master,8658e191c05e208b2939aa37fb1ee170b2784e4f,be35dbe626b26a65c8cff09d594aba2e4540f9f8f9e55a3d5fe0a1783c9f4d8c,build_script,scripts/build_canonical_decision_products.py,6178642cf3fcfdd6b317528f0c7bec171b4b4abe1806c9b783f1c467e120a65d,,,excluded,requires_old_runtime
/Users/bytedance/Desktop/xiaoro-shopping-master,8658e191c05e208b2939aa37fb1ee170b2784e4f,be35dbe626b26a65c8cff09d594aba2e4540f9f8f9e55a3d5fe0a1783c9f4d8c,cli_test,tests/test_v2_shadow_evidence_cli.py,ad7522cbc82f91f7c087dd9098cfbe3f12ee609110085bff45c51c9be63c95c3,,,excluded,imports_postgresql_dependent_cli
